{
    "baseline0": {
        "wins": 388,
        "losses": 235,
        "draws": 0,
        "winning_rate": 0.622792937399679
    },
    "baseline1": {
        "wins": 375,
        "losses": 272,
        "draws": 0,
        "winning_rate": 0.5795981452859351
    },
    "baseline2": {
        "wins": 326,
        "losses": 300,
        "draws": 0,
        "winning_rate": 0.5207667731629393
    },
    "baseline3": {
        "wins": 413,
        "losses": 203,
        "draws": 24,
        "winning_rate": 0.6453125
    },
    "baseline4": {
        "wins": 89,
        "losses": 514,
        "draws": 0,
        "winning_rate": 0.14759535655058043
    },
    "baseline5": {
        "wins": 258,
        "losses": 353,
        "draws": 4,
        "winning_rate": 0.4195121951219512
    },
    "baseline6": {
        "wins": 192,
        "losses": 428,
        "draws": 5,
        "winning_rate": 0.3072
    },
    "baseline7": {
        "wins": 55,
        "losses": 566,
        "draws": 0,
        "winning_rate": 0.08856682769726248
    }
}