{
    "22": 0.22827416866283443,
    "23o": 0.8961830313971422,
    "24o": 0.9553701453576556,
    "25o": 0.21503212391624588,
    "26o": 0.44022177898954684,
    "27o": 0.23952762113469372,
    "28o": 0.4444793071384013,
    "29o": 0.35421450890349354,
    "2Ao": 0.03834109166729535,
    "2Jo": 0.5680969076273268,
    "2Ko": 0.2299708181860087,
    "2Qo": 0.5420436005011171,
    "2To": 0.47249570243601513,
    "32s": 0.23068318790758402,
    "33": 0.3033583403264408,
    "34o": 0.249431974912563,
    "35o": 0.7124038071449011,
    "36o": 0.5674831742038781,
    "37o": 0.28572463178847424,
    "38o": 0.685501490141917,
    "39o": 0.1454733889088092,
    "3Ao": 0.5800941961337567,
    "3Jo": 0.8652132779198878,
    "3Ko": 0.1411842156166139,
    "3Qo": 0.9213800165716761,
    "3To": 0.5274636347451747,
    "42s": 0.7130114417804445,
    "43s": 0.43696249664608694,
    "44": 0.8957143221869432,
    "45o": 0.6550766489887678,
    "46o": 0.8834484478514073,
    "47o": 0.1726015775374172,
    "48o": 0.5285207723986567,
    "49o": 0.8590142160867841,
    "4Ao": 0.2487523632890421,
    "4Jo": 0.19635367117084737,
    "4Ko": 0.4047041896045248,
    "4Qo": 0.4739807780505614,
    "4To": 0.8834523296774163,
    "52s": 0.9292757009576199,
    "53s": 0.7164985847446305,
    "54s": 0.12487253842679358,
    "55": 0.04783500993620068,
    "56o": 0.8598768790510332,
    "57o": 0.7661992411345211,
    "58o": 0.35455514701316143,
    "59o": 0.9296532087382329,
    "5Ao": 0.6416887621996826,
    "5Jo": 0.2547637395982691,
    "5Ko": 0.4278535408778587,
    "5Qo": 0.39407707896388866,
    "5To": 0.3557136104604591,
    "62s": 0.5190133582080111,
    "63s": 0.7842039610407521,
    "64s": 0.7678657827506359,
    "65s": 0.9177191479415235,
    "66": 0.32020539185346614,
    "67o": 0.28012485368572954,
    "68o": 0.8163969725595461,
    "69o": 0.9780820138030157,
    "6Ao": 0.06594118174852402,
    "6Jo": 0.6934281835708561,
    "6Ko": 0.08477195667431517,
    "6Qo": 0.762505145671161,
    "6To": 0.44030800736718745,
    "72s": 0.7194721853594915,
    "73s": 0.16480830668654098,
    "74s": 0.7467849284079718,
    "75s": 0.713402497167799,
    "76s": 0.9118521876519843,
    "77": 0.1342750656544299,
    "78o": 0.723960672190804,
    "79o": 0.19990888706015078,
    "7Ao": 0.5752529125924133,
    "7Jo": 0.7207979389445129,
    "7Ko": 0.18609490971550763,
    "7Qo": 0.5108682883236675,
    "7To": 0.44872889857994225,
    "82s": 0.2410124970398827,
    "83s": 0.6905777055167401,
    "84s": 0.861452260959136,
    "85s": 0.8765317213168247,
    "86s": 0.4429312563102228,
    "87s": 0.09808336584762349,
    "88": 0.3622975121422903,
    "89o": 0.9790700631059861,
    "8Ao": 0.18735255016538935,
    "8Jo": 0.9040953601066891,
    "8Ko": 0.5325122331160964,
    "8Qo": 0.6296923075025924,
    "8To": 0.39015505261305733,
    "92s": 0.26392574740896013,
    "93s": 0.5375970843331509,
    "94s": 0.6828267828024085,
    "95s": 0.4562223534581882,
    "96s": 0.9545998997813006,
    "97s": 0.9824151331740468,
    "98s": 0.6153198740531683,
    "99": 0.5653838428778404,
    "9Ao": 0.5698448754088067,
    "9Jo": 0.39682927128686046,
    "9Ko": 0.953440059451439,
    "9Qo": 0.5431473086798345,
    "9To": 0.03352669040837144,
    "A2s": 0.0729164313786421,
    "A3s": 0.364970290556648,
    "A4s": 0.6961360374729387,
    "A5s": 0.8518638779845835,
    "A6s": 0.8415819232994977,
    "A7s": 0.8887854367781367,
    "A8s": 0.18486179927716323,
    "A9s": 0.13532686908487485,
    "AA": 0.8941940080131214,
    "AJs": 0.10745085936068657,
    "AKs": 0.8383118339122866,
    "AQs": 0.6900686206671243,
    "ATs": 0.7127294747318944,
    "J2s": 0.4431884689245832,
    "J3s": 0.020028381122976353,
    "J4s": 0.23705150568641184,
    "J5s": 0.8419146316522036,
    "J6s": 0.967564526897788,
    "J7s": 0.06998780590113736,
    "J8s": 0.7127015555595929,
    "J9s": 0.7448877411412544,
    "JAo": 0.943020940320521,
    "JJ": 0.21701154845736906,
    "JKo": 0.0915012553686752,
    "JQo": 0.4098271925188437,
    "JTs": 0.38850957885065945,
    "K2s": 0.031423690405523,
    "K3s": 0.8614793700689864,
    "K4s": 0.8918752058374444,
    "K5s": 0.9821305113507841,
    "K6s": 0.8424555194610639,
    "K7s": 0.3889706694840075,
    "K8s": 0.8543188134149112,
    "K9s": 0.5890405620003606,
    "KAo": 0.8179396159638538,
    "KJs": 0.3871049623324552,
    "KK": 0.13912001754214315,
    "KQs": 0.46041857352082544,
    "KTs": 0.20856634556968467,
    "Q2s": 0.31890310078408707,
    "Q3s": 0.8317289743401021,
    "Q4s": 0.6625796136680956,
    "Q5s": 0.00983440546685496,
    "Q6s": 0.5185801025996036,
    "Q7s": 0.1144878454885628,
    "Q8s": 0.0625528393850073,
    "Q9s": 0.8118862938638873,
    "QAo": 0.33263061077677286,
    "QJs": 0.8003544657415333,
    "QKo": 0.13252926180764085,
    "QQ": 0.4749770906836134,
    "QTs": 0.5039622401112465,
    "T2s": 0.04389665776755374,
    "T3s": 0.19763213015936798,
    "T4s": 0.19803008499348815,
    "T5s": 0.03755237889345107,
    "T6s": 0.8957709207917669,
    "T7s": 0.06888391465442686,
    "T8s": 0.4174254094807453,
    "T9s": 0.8458297186225178,
    "TAo": 0.48796606150651184,
    "TJo": 0.4882614220085403,
    "TKo": 0.5525609216397785,
    "TQo": 0.2284133014172663,
    "TT": 0.6428906557944971
}