{
    "23o": 0.28801277157799593,
    "24o": 0.46999070974146495,
    "25o": 0.5725270066093345,
    "26o": 0.474094296767213,
    "27o": 0.5352771412485817,
    "28o": 0.44293300047552614,
    "29o": 0.19728707941357343,
    "2Ao": 0.26036656473461633,
    "2Jo": 0.4647057449079127,
    "2Ko": 0.32686315416831696,
    "2Qo": 0.9092766318536065,
    "2To": 0.5698799483993546,
    "32s": 0.6968123313169512,
    "34o": 0.23526647953286456,
    "35o": 0.9991937636799694,
    "36o": 0.6114773035420156,
    "37o": 0.5147955659093973,
    "38o": 0.7823349583882772,
    "39o": 0.14753805629469613,
    "3Ao": 0.4717637863423821,
    "3Jo": 0.317327701593782,
    "3Ko": 0.985695508010657,
    "3Qo": 0.9829208599937352,
    "3To": 0.009489057775897446,
    "42s": 0.9925333770694146,
    "43s": 0.016975735459046067,
    "45o": 0.16098791923022937,
    "46o": 0.3454996169815035,
    "47o": 0.2933084670135649,
    "48o": 0.9483452180251312,
    "49o": 0.45115756994799766,
    "4Ao": 0.7507910478132488,
    "4Jo": 0.24180631327874313,
    "4Ko": 0.5117701096173469,
    "4Qo": 0.3033631403740669,
    "4To": 0.09810375924815241,
    "52s": 0.34581197301492367,
    "53s": 0.2513626930023846,
    "54s": 0.0507019535548941,
    "56o": 0.7703316740725217,
    "57o": 0.6021668258067074,
    "58o": 0.2761662606364707,
    "59o": 0.564089133486574,
    "5Ao": 0.7987418103683396,
    "5Jo": 0.34834386104191983,
    "5Ko": 0.2898802883846502,
    "5Qo": 0.01817812107881243,
    "5To": 0.09026829267561177,
    "62s": 0.009334094095143287,
    "63s": 0.881030992549616,
    "64s": 0.15669376666482604,
    "65s": 0.8929978111145457,
    "67o": 0.5075250151020188,
    "68o": 0.6578259628419745,
    "69o": 0.4362437144388997,
    "6Ao": 0.10236996472064523,
    "6Jo": 0.18117729174654623,
    "6Ko": 0.45464122754056535,
    "6Qo": 0.5998081820571458,
    "6To": 0.5491123737259542,
    "72s": 0.3755569869054966,
    "73s": 0.035062407275157914,
    "74s": 0.6814341038832313,
    "75s": 0.1407279429758745,
    "76s": 0.4784855884801888,
    "78o": 0.16448317217545522,
    "79o": 0.40813039098312687,
    "7Ao": 0.6413985168080788,
    "7Jo": 0.9220695619714384,
    "7Ko": 0.04698244939249108,
    "7Qo": 0.8261770395854171,
    "7To": 0.8792759294394302,
    "82s": 0.8501303593314983,
    "83s": 0.13059351517748552,
    "84s": 0.41124762468718495,
    "85s": 0.4287519687984511,
    "86s": 0.9510098304531158,
    "87s": 0.36974486971831344,
    "89o": 0.18971785559690385,
    "8Ao": 0.43595545483293197,
    "8Jo": 0.38389503864008645,
    "8Ko": 0.9995956033881411,
    "8Qo": 0.1282404507232316,
    "8To": 0.2552217511934423,
    "92s": 0.260328100894024,
    "93s": 0.9808241459083389,
    "94s": 0.42161208742579187,
    "95s": 0.7610460725915975,
    "96s": 0.24051144228072763,
    "97s": 0.028639216950133346,
    "98s": 0.15140749276793025,
    "9Ao": 0.3623846230856759,
    "9Jo": 0.6970014561865068,
    "9Ko": 0.01884898063633434,
    "9Qo": 0.4072678468644241,
    "9To": 0.5014228584658453,
    "A2s": 0.6557121736178375,
    "A3s": 0.7462421626936264,
    "A4s": 0.4531979337313984,
    "A5s": 0.26158070118543003,
    "A6s": 0.5354802771340154,
    "A7s": 0.5922726327196416,
    "A8s": 0.007063739012589527,
    "A9s": 0.7644223874377679,
    "AJs": 0.5343091319815851,
    "AKs": 0.5408997907653886,
    "AQs": 0.0038257073131388267,
    "ATs": 0.2181156018939478,
    "J2s": 0.09269547122635542,
    "J3s": 0.01539099779209488,
    "J4s": 0.34957996307087286,
    "J5s": 0.6353284908696402,
    "J6s": 0.43012560677325073,
    "J7s": 0.41535421501966213,
    "J8s": 0.7455998545954133,
    "J9s": 0.3299540071971734,
    "JAo": 0.34333448449331905,
    "JKo": 0.18685574730981336,
    "JQo": 0.2797790978511223,
    "JTs": 0.5928436611939952,
    "K2s": 0.4140879946495859,
    "K3s": 0.0832883660721339,
    "K4s": 0.54256626223572,
    "K5s": 0.5050204993280886,
    "K6s": 0.24070032934131835,
    "K7s": 0.10019336651992597,
    "K8s": 0.06158029153551981,
    "K9s": 0.4860780226647201,
    "KAo": 0.3630930112643503,
    "KJs": 0.3120042211104667,
    "KQs": 0.672753010159676,
    "KTs": 0.5177665099657723,
    "Q2s": 0.6586334131992712,
    "Q3s": 0.12300566854170202,
    "Q4s": 0.47879119452199026,
    "Q5s": 0.31640490268062715,
    "Q6s": 0.5713677128300625,
    "Q7s": 0.5658720904422994,
    "Q8s": 0.32409898963182926,
    "Q9s": 0.2601752628248983,
    "QAo": 0.48327321512597843,
    "QJs": 0.1831285238035871,
    "QKo": 0.9266849905049743,
    "QTs": 0.5036836125410744,
    "T2s": 0.16767150260547914,
    "T3s": 0.8972373592120952,
    "T4s": 0.09668515896765992,
    "T5s": 0.02655734610573977,
    "T6s": 0.3369136538907195,
    "T7s": 0.31322840909020233,
    "T8s": 0.3210298420865608,
    "T9s": 0.31796593796538886,
    "TAo": 0.23698068540770972,
    "TJo": 0.054289266005428334,
    "TKo": 0.9136210661808504,
    "TQo": 0.041446780501449926
}