{
    "baseline0": {
        "wins": 35,
        "losses": 18,
        "draws": 0,
        "winning_rate": 0.660377358490566
    },
    "baseline1": {
        "wins": 35,
        "losses": 33,
        "draws": 0,
        "winning_rate": 0.5147058823529411
    },
    "baseline2": {
        "wins": 33,
        "losses": 38,
        "draws": 0,
        "winning_rate": 0.4647887323943662
    },
    "baseline3": {
        "wins": 50,
        "losses": 21,
        "draws": 2,
        "winning_rate": 0.684931506849315
    },
    "baseline4": {
        "wins": 9,
        "losses": 35,
        "draws": 0,
        "winning_rate": 0.20454545454545456
    },
    "baseline5": {
        "wins": 25,
        "losses": 34,
        "draws": 0,
        "winning_rate": 0.423728813559322
    },
    "baseline6": {
        "wins": 18,
        "losses": 48,
        "draws": 1,
        "winning_rate": 0.26865671641791045
    },
    "baseline7": {
        "wins": 2,
        "losses": 63,
        "draws": 0,
        "winning_rate": 0.03076923076923077
    }
}