{
    "baseline0": {
        "wins": 75,
        "losses": 48,
        "draws": 0,
        "winning_rate": 0.6097560975609756
    },
    "baseline1": {
        "wins": 60,
        "losses": 49,
        "draws": 0,
        "winning_rate": 0.5504587155963303
    },
    "baseline2": {
        "wins": 69,
        "losses": 69,
        "draws": 0,
        "winning_rate": 0.5
    },
    "baseline3": {
        "wins": 76,
        "losses": 36,
        "draws": 9,
        "winning_rate": 0.628099173553719
    },
    "baseline4": {
        "wins": 16,
        "losses": 113,
        "draws": 0,
        "winning_rate": 0.12403100775193798
    },
    "baseline5": {
        "wins": 52,
        "losses": 81,
        "draws": 2,
        "winning_rate": 0.3851851851851852
    },
    "baseline6": {
        "wins": 40,
        "losses": 83,
        "draws": 1,
        "winning_rate": 0.3225806451612903
    },
    "baseline7": {
        "wins": 12,
        "losses": 109,
        "draws": 0,
        "winning_rate": 0.09917355371900827
    }
}